{
    "login_outbound":
    {
        "login_credentials_generic" : {
            "host": "fx54096.west-europe.azure.snowflakecomputing.com",
            "user": "CAN_DEV_SERVICE_USER_DS",
            "password": "HXm4qAcZawy2u3AW",
            "account": "fx54096",
            "warehouse": "CAN_DEV_PRESENTATION_ADHOC_WH",
            "database": "CAN_DEV_DATASCIENCE",
            "schema": "PRI_SIM",
            "protocol": "https",
            "proxy_host": "http://zproxyx.batgen.com",
            "proxy_port": "9400"
        },
        "login_credentials_deployment" : {
            "host": "fx54096.west-europe.azure.snowflakecomputing.com",
            "user": "CAN_DEV_SERVICE_USER_DS",
            "password": "HXm4qAcZawy2u3AW",
            "account": "fx54096",
            "warehouse": "CAN_DEV_PRESENTATION_ADHOC_WH",
            "database": "CAN_DEV_DATASCIENCE",
            "schema": "PRI_SIM",
            "protocol": "https"
        }
    },
    "login_raw":
    {
        "login_credentials_generic" : {
            "host": "fx54096.west-europe.azure.snowflakecomputing.com",
            "user": "CAN_DEV_SERVICE_USER_DS",
            "password": "HXm4qAcZawy2u3AW",
            "account": "fx54096",
            "warehouse": "CAN_DEV_PRESENTATION_ADHOC_WH",
            "database": "CAN_DEV_RAW_MAN",
            "schema": "PRI_SIM",
            "protocol": "https",
            "proxy_host": "http://zproxyx.batgen.com",
            "proxy_port": "9400"
        },
        "login_credentials_deployment" : {
            "host": "fx54096.west-europe.azure.snowflakecomputing.com",
            "user": "CAN_DEV_SERVICE_USER_DS",
            "password": "HXm4qAcZawy2u3AW",
            "account": "fx54096",
            "warehouse": "CAN_DEV_PRESENTATION_ADHOC_WH",
            "database": "CAN_DEV_RAW_MAN",
            "schema": "PRI_SIM",
            "protocol": "https"
        }
    }
}
